frequency,power
2.500000000000000000e-01,1.555890089961801670e-01
2.589910187717616163e-01,1.232987022228176771e-01
2.679820375435232327e-01,9.708865374978394025e-02
2.769730563152848490e-01,7.894015284711314306e-02
2.859640750870464654e-01,6.960896774382611951e-02
2.949550938588080817e-01,6.909388486717697730e-02
3.039461126305696981e-01,7.691451908948725158e-02
3.129371314023313144e-01,9.206311478359940903e-02
3.219281501740929308e-01,1.127907143347732649e-01
3.309191689458545471e-01,1.365541924626774983e-01
3.399101877176161635e-01,1.604116252866759074e-01
3.489012064893777798e-01,1.817618761011429718e-01
3.578922252611393962e-01,1.988838540015048506e-01
3.668832440329010125e-01,2.108925668621212113e-01
3.758742628046626288e-01,2.173253290245686364e-01
3.848652815764242452e-01,2.178131283068106827e-01
3.938563003481858615e-01,2.120406399271437536e-01
4.028473191199474779e-01,1.999178289546994503e-01
4.118383378917090942e-01,1.818544849208403869e-01
4.208293566634707106e-01,1.590583843257462326e-01
4.298203754352323269e-01,1.336583633361925483e-01
4.388113942069939433e-01,1.084238685301416594e-01
4.478024129787555596e-01,8.615799505112611834e-02
4.567934317505171204e-01,6.909762718673796711e-02
4.657844505222788478e-01,5.843028868336871962e-02
4.747754692940404087e-01,5.391489970998517012e-02
4.837664880658020250e-01,5.422839354295178049e-02
4.927575068375636413e-01,5.817640270785439521e-02
5.017485256093252577e-01,6.529731093211685322e-02
5.107395443810869295e-01,7.528940607983168609e-02
5.197305631528484904e-01,8.726699888316652443e-02
5.287215819246100512e-01,9.965704515918838435e-02
5.377126006963717231e-01,1.106027398276146767e-01
5.467036194681333949e-01,1.183999858114126030e-01
5.556946382398949558e-01,1.217620693005452698e-01
5.646856570116565166e-01,1.199465254373974638e-01
5.736766757834181885e-01,1.127833002944105684e-01
5.826676945551798603e-01,1.006138397138939128e-01
5.916587133269414212e-01,8.421018221367389256e-02
6.006497320987029820e-01,6.475968323751002398e-02
6.096407508704646538e-01,4.390387213535459909e-02
6.186317696422263257e-01,2.392826182068408594e-02
6.276227884139878865e-01,1.093582764749532338e-02
6.366138071857494474e-01,1.802034900901187606e-02
6.456048259575111192e-01,2.930635925575351616e-02
6.545958447292727911e-01,3.824805340324321373e-02
6.635868635010343519e-01,4.510601312370347143e-02
6.725778822727959128e-01,5.124681943165267095e-02
6.815689010445575846e-01,5.816848174864459181e-02
6.905599198163192565e-01,6.678038335392041946e-02
6.995509385880808173e-01,7.692893546167317576e-02
7.085419573598423781e-01,8.740900047136541950e-02
7.175329761316040500e-01,9.636336063896736026e-02
7.265239949033656108e-01,1.018043521817052210e-01
7.355150136751272827e-01,1.021034872238462121e-01
7.445060324468888435e-01,9.638608544157621638e-02
7.534970512186505154e-01,8.477087783893555439e-02
7.624880699904121872e-01,6.847549861077725786e-02
7.714790887621737481e-01,5.016715124492489991e-02
7.804701075339353089e-01,3.588762362179679505e-02
7.894611263056969808e-01,3.656639749241147319e-02
7.984521450774586526e-01,5.123897841815189258e-02
8.074431638492202135e-01,6.899786913028624347e-02
8.164341826209817743e-01,8.444045550976453374e-02
8.254252013927434461e-01,9.546734472100637525e-02
8.344162201645051180e-01,1.015047942165823447e-01
8.434072389362666788e-01,1.030733974852922619e-01
8.523982577080282397e-01,1.015449128124860517e-01
8.613892764797899115e-01,9.882683911757135509e-02
8.703802952515515834e-01,9.691638269410147999e-02
8.793713140233132552e-01,9.722088019651360657e-02
8.883623327950745940e-01,9.977796825661323921e-02
8.973533515668363769e-01,1.030107854534605821e-01
9.063443703385980488e-01,1.043720021156823025e-01
9.153353891103594986e-01,1.013686303648723974e-01
9.243264078821212815e-01,9.236516058307851773e-02
9.333174266538828423e-01,7.697169511475235315e-02
9.423084454256445142e-01,5.610037441115212076e-02
9.512994641974059640e-01,3.230424452629033355e-02
9.602904829691675248e-01,1.706256566462445098e-02
9.692815017409291967e-01,3.425251140431064684e-02
9.782725205126909795e-01,5.900087832925658693e-02
9.872635392844524294e-01,8.088666026598542724e-02
9.962545580562142122e-01,9.690943446559090180e-02
1.005245576827975773e+00,1.052594683895060335e-01
1.014236595599737445e+00,1.051250485788690903e-01
1.023227614371498895e+00,9.691445401678029647e-02
1.032218633143260567e+00,8.242379734038045302e-02
1.041209651915022238e+00,6.516222291099747765e-02
1.050200670686783910e+00,5.146784000989563373e-02
1.059191689458545582e+00,5.002916250471261400e-02
1.068182708230307032e+00,6.128174433263444687e-02
1.077173727002068704e+00,7.619926843481023004e-02
1.086164745773830376e+00,8.770809865532586125e-02
1.095155764545591826e+00,9.194934749749759939e-02
1.104146783317353497e+00,8.704648326626661381e-02
1.113137802089115169e+00,7.269212454562964942e-02
1.122128820860876841e+00,4.991811924735396755e-02
1.131119839632638513e+00,2.079955059647622603e-02
1.140110858404399963e+00,1.275586612838152181e-02
1.149101877176161635e+00,4.654851184740526476e-02
1.158092895947923306e+00,7.848281972068854584e-02
1.167083914719684756e+00,1.053986645211601597e-01
1.176074933491446428e+00,1.245130717841407553e-01
1.185065952263208100e+00,1.336457611656374223e-01
1.194056971034969772e+00,1.316700966915172466e-01
1.203047989806731444e+00,1.188956113208489707e-01
1.212039008578492894e+00,9.729622783109097284e-02
1.221030027350254565e+00,7.099578909359034740e-02
1.230021046122016237e+00,4.902156634814545250e-02
1.239012064893777687e+00,4.888101153941136479e-02
1.248003083665539359e+00,6.964513072930092474e-02
1.256994102437301031e+00,9.318432717191045545e-02
1.265985121209062703e+00,1.103551527094128737e-01
1.274976139980824374e+00,1.169039173212531452e-01
1.283967158752585824e+00,1.108361145156896849e-01
1.292958177524347496e+00,9.209989228921694471e-02
1.301949196296109168e+00,6.278123604720414752e-02
1.310940215067870618e+00,3.015925990034592358e-02
1.319931233839632290e+00,3.597858612475355461e-02
1.328922252611393962e+00,7.687273587038542799e-02
1.337913271383155633e+00,1.186767748253382965e-01
1.346904290154917305e+00,1.539979356930554488e-01
1.355895308926678755e+00,1.783402783426059623e-01
1.364886327698440427e+00,1.883354024274355443e-01
1.373877346470202099e+00,1.820625719132457354e-01
1.382868365241963549e+00,1.594540340696795622e-01
1.391859384013725220e+00,1.224026505753489230e-01
1.400850402785486892e+00,7.465897183592405673e-02
1.409841421557248564e+00,2.460947573662787893e-02
1.418832440329010236e+00,4.349124806113162378e-02
1.427823459100771686e+00,9.476050196743193710e-02
1.436814477872533358e+00,1.384989006419207469e-01
1.445805496644295030e+00,1.684524994554799648e-01
1.454796515416056479e+00,1.803576057784130326e-01
1.463787534187818151e+00,1.718310105192799586e-01
1.472778552959579823e+00,1.430552425485973889e-01
1.481769571731341717e+00,9.794642729087217614e-02
1.490760590503103167e+00,5.275935553091989916e-02
1.499751609274864839e+00,7.232046022329487178e-02
1.508742628046626288e+00,1.389814818154160581e-01
1.517733646818387960e+00,2.080789305442298509e-01
1.526724665590149188e+00,2.668203177286702643e-01
1.535715684361911082e+00,3.068655457151803767e-01
1.544706703133672754e+00,3.216302354633493454e-01
1.553697721905434426e+00,3.067744031567699592e-01
1.562688740677196320e+00,2.609420758924350658e-01
1.571679759448957547e+00,1.860718822913516868e-01
1.580670778220719219e+00,8.713401157212817549e-02
1.589661796992480891e+00,2.855112198147041758e-02
1.598652815764242341e+00,1.515730682290304110e-01
1.607643834536003791e+00,2.713543797099332577e-01
1.616634853307765685e+00,3.760307561780407704e-01
1.625625872079527356e+00,4.532231406336144630e-01
1.634616890851289028e+00,4.910849584845531357e-01
1.643607909623050700e+00,4.797985687501623575e-01
1.652598928394812150e+00,4.130712256775421753e-01
1.661589947166573600e+00,2.893030942227098334e-01
1.670580965938335272e+00,1.161048091483920380e-01
1.679571984710096721e+00,1.402086593215994270e-01
1.688563003481858615e+00,4.071611033612520525e-01
1.697554022253620509e+00,7.105522329160065542e-01
1.706545041025381959e+00,1.031332884572921937e+00
1.715536059797143187e+00,1.351849135319817874e+00
1.724527078568905081e+00,1.652948601386523109e+00
1.733518097340666753e+00,1.915520280233211636e+00
1.742509116112428202e+00,2.122871466300570553e+00
1.751500134884189874e+00,2.262763110454910631e+00
1.760491153655951546e+00,2.328249048061913129e+00
1.769482172427713440e+00,2.317253154562050277e+00
1.778473191199474668e+00,2.231542732675821483e+00
1.787464209971236340e+00,2.075905511267338355e+00
1.796455228742997789e+00,1.857966910681205341e+00
1.805446247514759683e+00,1.588539406696363399e+00
1.814437266286521133e+00,1.281952688608979596e+00
1.823428285058282805e+00,9.556791054128936924e-01
1.832419303830044477e+00,6.289130651778844783e-01
1.841410322601805927e+00,3.205400143658459489e-01
1.850401341373568043e+00,5.188874950741232533e-02
1.859392360145329048e+00,1.858323118997483592e-01
1.868383378917090942e+00,3.591814873693439103e-01
1.877374397688852614e+00,4.747987351618550567e-01
1.886365416460614064e+00,5.316023415109637495e-01
1.895356435232375736e+00,5.324100666484505862e-01
1.904347454004137408e+00,4.835983210560533263e-01
1.913338472775899080e+00,3.948743941056231943e-01
1.922329491547660973e+00,2.785289638702909687e-01
1.931320510319422201e+00,1.481224070214568478e-01
1.940311529091183873e+00,1.698704172483462074e-02
1.949302547862945767e+00,1.031632424418949256e-01
1.958293566634707217e+00,2.026643427123945018e-01
1.967284585406468445e+00,2.745446214125766282e-01
1.976275604178230338e+00,3.144676584616098447e-01
1.985266622949992232e+00,3.209126059524574082e-01
1.994257641721753460e+00,2.953161022329967578e-01
2.003248660493515132e+00,2.420346571038464456e-01
2.012239679265277026e+00,1.679153632971348287e-01
2.021230698037038476e+00,8.147750023529382046e-02
2.030221716808799926e+00,1.101098713436753432e-02
2.039212735580561819e+00,9.401812376579156416e-02
2.048203754352323269e+00,1.664771327472318319e-01
2.057194773124084719e+00,2.207856552557833640e-01
2.066185791895846613e+00,2.528921402453839229e-01
2.075176810667608063e+00,2.608270295720953591e-01
2.084167829439369513e+00,2.448844269088618908e-01
2.093158848211131406e+00,2.076777959752537928e-01
2.102149866982892856e+00,1.538910849046199736e-01
2.111140885754654750e+00,8.971076077517846359e-02
2.120131904526416200e+00,2.275094023287637865e-02
2.129122923298177650e+00,4.457909801940927730e-02
2.138113942069939544e+00,1.005194887422692640e-01
2.147104960841700994e+00,1.431556465247506571e-01
2.156095979613462887e+00,1.688033472380185140e-01
2.165086998385224337e+00,1.755999652649218312e-01
2.174078017156985787e+00,1.635218912449196427e-01
2.183069035928747681e+00,1.344386027087131064e-01
2.192060054700509131e+00,9.193276947324495463e-02
2.201051073472270581e+00,4.086297831657281082e-02
2.210042092244032474e+00,1.383609796570240379e-02
2.219033111015793924e+00,6.563338147986243210e-02
2.228024129787555374e+00,1.104715831417749511e-01
2.237015148559317268e+00,1.440906447804508883e-01
2.246006167331078718e+00,1.635298686532436208e-01
2.254997186102840612e+00,1.671805708227592779e-01
2.263988204874602062e+00,1.549711461456085848e-01
2.272979223646363511e+00,1.284428201105367873e-01
2.281970242418125405e+00,9.062394984637363315e-02
2.290961261189886855e+00,4.576405356671851138e-02
2.299952279961648749e+00,8.079208116300962833e-03
2.308943298733410199e+00,4.904849864429357970e-02
2.317934317505171649e+00,8.827068084152292493e-02
2.326925336276933542e+00,1.178604514056237756e-01
2.335916355048694992e+00,1.351154363778438727e-01
2.344907373820456442e+00,1.386114193422746943e-01
2.353898392592218336e+00,1.282913840889827461e-01
2.362889411363979786e+00,1.055319376625234729e-01
2.371880430135741236e+00,7.307744151678367828e-02
2.380871448907503130e+00,3.515559182199824717e-02
2.389862467679264579e+00,1.446379453680534527e-02
2.398853486451026473e+00,4.880938778874124168e-02
2.407844505222787923e+00,8.157953223786960917e-02
2.416835523994549373e+00,1.057788055497341229e-01
2.425826542766311267e+00,1.188512909161215797e-01
2.434817561538072717e+00,1.195412559347398540e-01
2.443808580309834610e+00,1.078863132195450325e-01
2.452799599081596060e+00,8.528902008271239954e-02
2.461790617853357510e+00,5.467017823533960180e-02
2.470781636625119404e+00,2.325654571516715813e-02
2.479772655396880854e+00,3.097189654913849385e-02
2.488763674168642304e+00,6.460733749090551148e-02
2.497754692940404198e+00,9.527580575322618095e-02
2.506745711712165647e+00,1.181012253832699060e-01
2.515736730483927097e+00,1.306551136450007367e-01
2.524727749255688991e+00,1.317195561268280357e-01
2.533718768027450441e+00,1.212654603510388562e-01
2.542709786799212335e+00,1.004718742793392905e-01
2.551700805570973785e+00,7.163201198634902567e-02
2.560691824342735234e+00,3.801148218646639015e-02
2.569682843114497128e+00,8.208786028618030722e-03
2.578673861886258578e+00,3.308543946834933969e-02
2.587664880658020472e+00,6.107677857380054004e-02
2.596655899429781922e+00,8.154991629225555316e-02
2.605646918201543372e+00,9.236752114103345679e-02
2.614637936973305266e+00,9.251956125651662755e-02
2.623628955745066715e+00,8.208199512594657743e-02
2.632619974516828165e+00,6.223458306898569520e-02
2.641610993288590059e+00,3.520779190114577129e-02
2.650602012060351509e+00,6.170226570568288806e-03
2.659593030832112959e+00,3.004511336074371097e-02
2.668584049603874853e+00,6.042477750317042789e-02
2.677575068375636302e+00,8.580994018963321313e-02
2.686566087147398196e+00,1.036033856417454546e-01
2.695557105919159646e+00,1.120544894324888713e-01
2.704548124690921096e+00,1.103303033428991026e-01
2.713539143462682990e+00,9.861181954868458721e-02
2.722530162234444440e+00,7.811214514588840641e-02
2.731521181006206334e+00,5.096939836378234362e-02
2.740512199777967783e+00,2.000600608391920818e-02
2.749503218549729233e+00,1.160213360248599050e-02
2.758494237321491127e+00,4.067182706655121660e-02
2.767485256093252577e+00,6.432445918016274633e-02
2.776476274865014027e+00,8.023435770517424459e-02
2.785467293636775921e+00,8.682921117243341813e-02
2.794458312408537370e+00,8.345255853858710160e-02
2.803449331180298820e+00,7.050202981236561306e-02
2.812440349952060714e+00,4.963074670938627531e-02
2.821431368723822164e+00,2.519028344197838179e-02
2.830422387495584058e+00,2.171240299952366393e-02
2.839413406267345508e+00,4.836975842688792659e-02
2.848404425039106957e+00,7.627759878359688384e-02
2.857395443810868851e+00,9.921006881379539066e-02
2.866386462582630301e+00,1.144069555820763778e-01
2.875377481354391751e+00,1.202238220911170247e-01
2.884368500126153645e+00,1.160065285435849108e-01
2.893359518897915095e+00,1.021157220600303200e-01
2.902350537669676989e+00,7.990634811297651907e-02
2.911341556441438438e+00,5.160839386940175438e-02
2.920332575213199888e+00,2.012586448944739606e-02
2.929323593984961782e+00,1.179580812626465115e-02
2.938314612756723232e+00,4.017034449487189712e-02
2.947305631528484682e+00,6.274309710880077162e-02
2.956296650300246576e+00,7.719004983380380047e-02
2.965287669072008025e+00,8.209337936786252621e-02
2.974278687843769919e+00,7.700983265907265785e-02
2.983269706615531369e+00,6.259666849264329536e-02
2.992260725387292819e+00,4.090750636525692513e-02
3.001251744159054713e+00,1.868484209527666515e-02
3.010242762930816163e+00,2.805764685907089634e-02
3.019233781702578057e+00,5.602434562047824834e-02
3.028224800474339506e+00,8.223697450242908880e-02
3.037215819246100956e+00,1.022213052360371188e-01
3.046206838017862850e+00,1.134629630557613678e-01
3.055197856789624300e+00,1.145212095779204048e-01
3.064188875561385750e+00,1.050207716137037534e-01
3.073179894333147200e+00,8.567394422869949178e-02
3.082170913104909094e+00,5.823126978906775081e-02
3.091161931876670543e+00,2.533484961126664103e-02
3.100152950648432437e+00,9.873452762071660560e-03
3.109143969420193887e+00,4.359912539891354355e-02
3.118134988191955781e+00,7.256426774619076370e-02
3.127126006963717231e+00,9.370148740296378731e-02
3.136117025735478681e+00,1.047340780025685092e-01
3.145108044507240574e+00,1.043912697850804677e-01
3.154099063279002024e+00,9.260416947223124029e-02
3.163090082050763918e+00,7.074451008795767937e-02
3.172081100822525368e+00,4.266144041830502442e-02
3.181072119594286818e+00,2.535233457013510994e-02
3.190063138366048712e+00,4.888293910047602359e-02
3.199054157137810162e+00,8.258928173884921842e-02
3.208045175909571611e+00,1.119859333563149872e-01
3.217036194681333505e+00,1.322084854361030015e-01
3.226027213453094955e+00,1.403296800349334017e-01
3.235018232224856405e+00,1.348135778351506608e-01
3.244009250996618299e+00,1.155379926215674147e-01
3.253000269768379749e+00,8.380640109869842702e-02
3.261991288540141198e+00,4.226521819516551592e-02
3.270982307311903092e+00,5.294923196172667511e-03
3.279973326083664098e+00,5.425017255871111832e-02
3.288964344855426436e+00,9.956541196381622771e-02
3.297955363627187886e+00,1.362706245150286932e-01
3.306946382398949780e+00,1.599722580944129002e-01
3.315937401170710785e+00,1.673346149734352140e-01
3.324928419942472679e+00,1.564842951956073314e-01
3.333919438714234573e+00,1.273232554368162461e-01
3.342910457485996023e+00,8.192756208517215644e-02
3.351901476257757473e+00,2.883011199983326681e-02
3.360892495029519367e+00,5.404494822048916403e-02
3.369883513801280817e+00,1.221488213306082260e-01
3.378874532573042266e+00,1.871644882433830537e-01
3.387865551344804160e+00,2.400910341365747602e-01
3.396856570116565610e+00,2.735627214775831484e-01
3.405847588888327060e+00,2.814046556899275631e-01
3.414838607660089398e+00,2.590819389463085987e-01
3.423829626431850404e+00,2.041067738963606437e-01
3.432820645203612298e+00,1.163735951552884035e-01
3.441811663975373747e+00,1.215893345041548466e-02
3.450802682747135641e+00,1.486632129317474460e-01
3.459793701518897091e+00,3.133339989906550604e-01
3.468784720290658541e+00,4.894894676503617204e-01
3.477775739062419991e+00,6.672672628491909119e-01
3.486766757834182329e+00,8.363044645471910954e-01
3.495757776605943334e+00,9.864936936465437123e-01
3.504748795377704784e+00,1.108804354613076582e+00
3.513739814149466678e+00,1.195958580325836129e+00
3.522730832921227684e+00,1.242877542708013205e+00
3.531721851692990022e+00,1.246913875250595272e+00
3.540712870464751916e+00,1.207933500352766032e+00
3.549703889236513366e+00,1.128300567839059187e+00
3.558694908008274815e+00,1.012781146748060523e+00
3.567685926780036265e+00,8.683326568626649200e-01
3.576676945551798159e+00,7.037094323298581644e-01
3.585667964323559609e+00,5.288355451167839894e-01
3.594658983095321059e+00,3.539904888095486979e-01
3.603650001867083397e+00,1.889680515272410544e-01
3.612641020638844402e+00,4.277678315706429091e-02
3.621632039410606296e+00,8.037154749498733042e-02
3.630623058182368190e+00,1.723862822754888557e-01
3.639614076954129196e+00,2.325796827601545602e-01
3.648605095725891534e+00,2.606705986142607845e-01
3.657596114497652540e+00,2.587051203292909940e-01
3.666587133269413989e+00,2.307577161836445456e-01
3.675578152041175883e+00,1.825640720616093504e-01
3.684569170812937333e+00,1.210197507553649743e-01
3.693560189584698783e+00,5.395595172374161724e-02
3.702551208356460233e+00,2.085657949734914807e-02
3.711542227128222127e+00,7.717613172430996815e-02
3.720533245899984021e+00,1.252851543022500402e-01
3.729524264671745470e+00,1.582650726433677824e-01
3.738515283443506920e+00,1.739554026636762618e-01
3.747506302215268814e+00,1.720721358199751583e-01
3.756497320987030264e+00,1.540339553557510122e-01
3.765488339758792158e+00,1.227691301220577985e-01
3.774479358530553608e+00,8.245203392811734089e-02
3.783470377302315502e+00,3.881915535842506843e-02
3.792461396074076951e+00,1.950775144968074082e-02
3.801452414845837957e+00,5.433529074726996949e-02
3.810443433617599851e+00,8.657389153972529228e-02
3.819434452389361745e+00,1.086203046194507138e-01
3.828425471161123195e+00,1.184183792385241629e-01
3.837416489932885089e+00,1.154972203129141090e-01
3.846407508704646538e+00,1.007437027862052581e-01
3.855398527476407544e+00,7.630517070123485346e-02
3.864389546248169882e+00,4.564337113046312150e-02
3.873380565019931332e+00,1.753026246557386203e-02
3.882371583791692782e+00,3.195280675172871426e-02
3.891362602563454676e+00,6.143481371031947469e-02
3.900353621335216570e+00,8.593607145965659333e-02
3.909344640106978019e+00,1.021000155941111931e-01
3.918335658878739469e+00,1.084160251444983986e-01
3.927326677650500919e+00,1.045481649407051100e-01
3.936317696422263257e+00,9.130878310831441746e-02
3.945308715194024263e+00,7.071005239857305891e-02
3.954299733965786157e+00,4.643188872652527499e-02
3.963290752737548051e+00,2.774036973153262003e-02
3.972281771509309056e+00,3.446814152882244492e-02
3.981272790281070950e+00,5.533736336053861338e-02
3.990263809052832400e+00,7.435968168766249331e-02
3.999254827824594294e+00,8.697460462702930051e-02
4.008245846596355300e+00,9.146106638296547242e-02
4.017236865368117193e+00,8.738395261182102525e-02
4.026227884139879087e+00,7.535163011471694705e-02
4.035218902911640093e+00,5.696360312746027998e-02
4.044209921683401987e+00,3.504839718998475212e-02
4.053200940455163881e+00,1.742002044887873066e-02
4.062191959226925775e+00,2.615195762855822975e-02
4.071182977998686781e+00,4.555578481327841878e-02
4.080173996770448674e+00,6.182656447280338030e-02
4.089165015542210568e+00,7.196670314393414924e-02
4.098156034313971574e+00,7.480503037622074358e-02
4.107147053085733468e+00,7.017316416222080244e-02
4.116138071857495362e+00,5.886799197000283645e-02
4.125129090629256368e+00,4.286270480604469080e-02
4.134120109401018262e+00,2.675078251595987625e-02
4.143111128172780155e+00,2.363811517169006615e-02
4.152102146944541161e+00,3.781926383977213951e-02
4.161093165716303055e+00,5.465280247980342648e-02
4.170084184488064949e+00,6.798503379516507295e-02
4.179075203259825955e+00,7.550272018059116241e-02
4.188066222031587849e+00,7.615878186485702805e-02
4.197057240803349742e+00,6.978296507915293656e-02
4.206048259575110748e+00,5.701217360660990052e-02
4.215039278346872642e+00,3.927109756252689099e-02
4.224030297118634536e+00,1.915774579506909422e-02
4.233021315890396430e+00,1.127286721686811787e-02
4.242012334662157436e+00,2.929601147925520524e-02
4.251003353433919330e+00,4.722613035035939932e-02
4.259994372205681223e+00,6.069088750589532455e-02
4.268985390977442229e+00,6.813926360472555288e-02
4.277976409749204123e+00,6.881595595950469602e-02
4.286967428520966017e+00,6.269171875852461162e-02
4.295958447292727023e+00,5.049656852227928094e-02
4.304949466064488917e+00,3.383001938937553466e-02
4.313940484836250810e+00,1.648521497224641336e-02
4.322931503608011816e+00,1.669617124887162393e-02
4.331922522379773710e+00,3.424826905556731943e-02
4.340913541151535604e+00,5.127059009681495666e-02
4.349904559923297498e+00,6.415641853769576963e-02
4.358895578695058504e+00,7.140553267508492619e-02
4.367886597466820398e+00,7.232627505170841076e-02
4.376877616238582291e+00,6.697731904936825298e-02
4.385868635010343297e+00,5.624908601259961255e-02
4.394859653782105191e+00,4.211687012510210992e-02
4.403850672553867085e+00,2.879393176497212561e-02
4.412841691325628091e+00,2.542571747641459226e-02
4.421832710097389985e+00,3.507542707370442381e-02
4.430823728869151878e+00,4.779169027059399638e-02
4.439814747640912884e+00,5.775398542734512530e-02
4.448805766412674778e+00,6.263429830111262586e-02
4.457796785184436672e+00,6.144703446885675657e-02
4.466787803956197678e+00,5.406829019719585488e-02
4.475778822727959572e+00,4.113024077943842199e-02
4.484769841499721466e+00,2.403669538744346995e-02
4.493760860271482471e+00,7.219860970584384384e-03
4.502751879043244365e+00,1.923781936566696174e-02
4.511742897815006259e+00,3.834458644954182732e-02
4.520733916586768153e+00,5.474420475236686096e-02
4.529724935358529159e+00,6.656130083310980716e-02
4.538715954130291053e+00,7.263660919184949938e-02
4.547706972902052946e+00,7.242341785451324176e-02
4.556697991673813952e+00,6.606348122314757709e-02
4.565689010445575846e+00,5.449084766574766037e-02
4.574680029217337740e+00,3.969507825224085490e-02
4.583671047989098746e+00,2.604280276684621878e-02
4.592662066760860640e+00,2.364035510089184874e-02
4.601653085532622534e+00,3.444060974098280686e-02
4.610644104304383539e+00,4.732551527910682648e-02
4.619635123076145433e+00,5.694802371494728233e-02
4.628626141847907327e+00,6.124973315430142645e-02
4.637617160619669221e+00,5.938995129812756762e-02
4.646608179391430227e+00,5.135844270701345193e-02
4.655599198163192121e+00,3.789901999735501709e-02
4.664590216934954015e+00,2.056975622562566552e-02
4.673581235706715020e+00,6.342250645632418853e-03
4.682572254478476914e+00,2.209718477850506832e-02
4.691563273250238808e+00,4.050880455376069250e-02
4.700554292021999814e+00,5.558527323277152182e-02
4.709545310793761708e+00,6.555491271125254982e-02
4.718536329565523602e+00,6.930599416796946743e-02
4.727527348337284607e+00,6.638113598032031881e-02
4.736518367109046501e+00,5.708665061947862385e-02
4.745509385880808395e+00,4.269773904581331686e-02
4.754500404652569401e+00,2.643547308052740519e-02
4.763491423424331295e+00,1.959530722216218032e-02
4.772482442196093189e+00,3.270920757809649831e-02
4.781473460967854194e+00,5.056976574151517828e-02
4.790464479739616088e+00,6.575754913431318405e-02
4.799455498511377982e+00,7.560447579031241705e-02
4.808446517283139876e+00,7.869152709035374949e-02
4.817437536054900882e+00,7.443039111115726247e-02
4.826428554826662776e+00,6.305671363136317042e-02
4.835419573598424670e+00,4.570478541096262975e-02
4.844410592370185675e+00,2.490600880973257644e-02
4.853401611141947569e+00,1.322036783098103074e-02
4.862392629913709463e+00,3.118852657953623958e-02
4.871383648685470469e+00,5.246723458922913919e-02
4.880374667457232363e+00,6.971985050949901230e-02
4.889365686228994257e+00,8.056186376924862058e-02
4.898356705000755262e+00,8.360038458987577303e-02
4.907347723772517156e+00,7.828019621162907171e-02
4.916338742544279050e+00,6.499038245180718820e-02
4.925329761316040944e+00,4.533631839231199584e-02
4.934320780087801950e+00,2.402554189527742953e-02
4.943311798859563844e+00,2.319811762093122731e-02
4.952302817631325738e+00,4.648407636533308240e-02
4.961293836403086743e+00,7.083513613022511535e-02
4.970284855174848637e+00,9.031229989153009841e-02
4.979275873946610531e+00,1.021358761576415947e-01
4.988266892718371537e+00,1.045726142191907154e-01
4.997257911490133431e+00,9.683252175448849031e-02
5.006248930261895325e+00,7.915378375823106660e-02
5.015239949033656330e+00,5.287721422772753699e-02
5.024230967805418224e+00,2.081079283628079965e-02
5.033221986577180118e+00,1.849057158603069351e-02
5.042213005348941124e+00,5.377021481593769608e-02
5.051204024120703018e+00,8.623342874803409386e-02
5.060195042892464912e+00,1.117045675957173412e-01
5.069186061664225917e+00,1.271293307860512922e-01
5.078177080435987811e+00,1.302620977080502784e-01
5.087168099207749705e+00,1.198860163452808714e-01
5.096159117979511599e+00,9.604065432401730218e-02
5.105150136751272605e+00,6.023407751378055675e-02
5.114141155523034499e+00,1.714220924654807215e-02
5.123132174294796393e+00,3.898365804391627776e-02
5.132123193066557398e+00,9.054999022168658263e-02
5.141114211838319292e+00,1.386798243245814244e-01
5.150105230610081186e+00,1.777563380628100209e-01
5.159096249381842192e+00,2.028463404326946440e-01
5.168087268153604086e+00,2.097190672875488271e-01
5.177078286925365980e+00,1.951989295940088354e-01
5.186069305697126985e+00,1.575682170458586329e-01
5.195060324468888879e+00,9.708772069473921296e-02
5.204051343240650773e+00,2.299954125817299869e-02
5.213042362012412667e+00,9.121053370131927684e-02
5.222033380784173673e+00,2.048218075572389718e-01
5.231024399555935567e+00,3.269847986496208225e-01
5.240015418327697461e+00,4.505779268804474547e-01
5.249006437099458466e+00,5.686781401213074627e-01
5.257997455871220360e+00,6.744612351673123785e-01
5.266988474642982254e+00,7.615615542833743534e-01
5.275979493414743260e+00,8.245652514436161429e-01
5.284970512186505154e+00,8.595361705187818391e-01
5.293961530958267048e+00,8.644334445528090161e-01
5.302952549730028053e+00,8.392900894856080152e-01
5.311943568501789947e+00,7.861095289281466725e-01
5.320934587273551841e+00,7.085489138349656546e-01
5.329925606045312847e+00,6.115193335709618871e-01
5.338916624817074741e+00,5.008112904185606507e-01
5.347907643588836635e+00,3.827792332902740235e-01
5.356898662360597640e+00,2.640571561334707495e-01
5.365889681132359534e+00,1.513309198417509549e-01
5.374880699904121428e+00,5.245288846712054670e-02
5.383871718675883322e+00,4.327661655750138919e-02
5.392862737447644328e+00,1.057350613054155175e-01
5.401853756219406222e+00,1.495382807816372506e-01
5.410844774991168116e+00,1.722096020840102326e-01
5.419835793762929121e+00,1.748445254129303572e-01
5.428826812534691015e+00,1.599760917766806512e-01
5.437817831306452909e+00,1.311505377135182282e-01
5.446808850078213915e+00,9.262243400861228104e-02
5.455799868849975809e+00,4.910729701447860002e-02
5.464790887621737703e+00,8.400343883661945052e-03
5.473781906393498708e+00,3.719569167723272424e-02
5.482772925165260602e+00,7.048966052316520126e-02
5.491763943937022496e+00,9.450549113547745961e-02
5.500754962708784390e+00,1.077325008821819613e-01
5.509745981480545396e+00,1.099231144629307239e-01
5.518737000252307290e+00,1.018737037167001536e-01
5.527728019024069184e+00,8.527784070516114534e-02
5.536719037795830189e+00,6.260872530021022175e-02
5.545710056567592083e+00,3.726736986095562781e-02
5.554701075339353977e+00,1.704756634662900339e-02
5.563692094111114983e+00,2.495087040982079188e-02
5.572683112882876877e+00,4.313704288041905061e-02
5.581674131654638771e+00,5.689725954360139171e-02
5.590665150426399777e+00,6.378114008541682645e-02
5.599656169198161670e+00,6.324894442022963026e-02
5.608647187969923564e+00,5.569545260984951757e-02
5.617638206741684570e+00,4.222251567274251660e-02
5.626629225513446464e+00,2.448589317145652769e-02
5.635620244285208358e+00,4.768426354458811349e-03
5.644611263056969364e+00,1.592733139834040176e-02
5.653602281828731257e+00,3.407942486165563278e-02
5.662593300600493151e+00,4.854326181410755642e-02
5.671584319372255045e+00,5.798023148700457569e-02
5.680575338144016051e+00,6.166299167215226473e-02
5.689566356915777945e+00,5.948482993870742030e-02
5.698557375687539839e+00,5.194232576439809096e-02
5.707548394459300845e+00,4.010722815664718305e-02
5.716539413231062738e+00,2.571341326686060053e-02
5.725530432002824632e+00,1.259482830968863473e-02
5.734521450774586526e+00,1.435035494845211812e-02
5.743512469546347532e+00,2.615459487017161508e-02
5.752503488318109426e+00,3.626559707817897382e-02
5.761494507089870432e+00,4.228127427672659366e-02
5.770485525861632325e+00,4.342240417924181362e-02
5.779476544633394219e+00,3.961769789035508860e-02
5.788467563405156113e+00,3.137487592339137377e-02
5.797458582176917119e+00,1.981813310099850636e-02
5.806449600948679013e+00,8.169657341325187172e-03
5.815440619720440907e+00,1.329085528372557501e-02
5.824431638492201913e+00,2.684664686445116175e-02
5.833422657263963806e+00,3.903881756738889625e-02
5.842413676035725700e+00,4.802747188554488955e-02
5.851404694807486706e+00,5.284569747244591276e-02
5.860395713579248600e+00,5.304794356113980147e-02
5.869386732351010494e+00,4.867861000364822471e-02
5.878377751122771500e+00,4.024441450806377080e-02
5.887368769894533393e+00,2.868500289138506756e-02
5.896359788666295287e+00,1.548693319076992723e-02
5.905350807438056293e+00,6.216212851531615659e-03
5.914341826209818187e+00,1.538995249456375294e-02
5.923332844981580081e+00,2.650901660954991385e-02
5.932323863753341087e+00,3.483994090913476033e-02
5.941314882525102981e+00,3.934725522212837584e-02
5.950305901296864874e+00,3.962771915372707149e-02
5.959296920068626768e+00,3.575593325645127357e-02
5.968287938840387774e+00,2.825067759044388657e-02
5.977278957612149668e+00,1.809863264937717695e-02
5.986269976383911562e+00,7.613128024950025809e-03
5.995260995155672568e+00,9.883824824569115500e-03
6.004252013927434461e+00,2.074653706725701138e-02
6.013243032699196355e+00,3.038209861177144575e-02
6.022234051470957361e+00,3.715481812375014126e-02
6.031225070242719255e+00,4.029532097586652900e-02
6.040216089014481149e+00,3.949320603035356286e-02
6.049207107786242155e+00,3.485853084598168616e-02
6.058198126558004049e+00,2.688781650875120277e-02
6.067189145329765942e+00,1.640797962487993214e-02
6.076180164101527836e+00,4.511481028479205450e-03
6.085171182873288842e+00,7.686297113712792575e-03
6.094162201645050736e+00,1.879932369571889195e-02
6.103153220416812630e+00,2.777448632156217026e-02
6.112144239188573636e+00,3.370434489319582699e-02
6.121135257960336418e+00,3.601206493951939619e-02
6.130126276732097423e+00,3.450321550262937242e-02
6.139117295503858429e+00,2.939059725352146171e-02
6.148108314275620323e+00,2.132309826909986605e-02
6.157099333047382217e+00,1.169106196383775005e-02
6.166090351819143223e+00,7.090653543435863730e-03
6.175081370590905117e+00,1.568320430136880758e-02
6.184072389362666122e+00,2.572963144728783111e-02
6.193063408134428016e+00,3.386186144906890017e-02
6.202054426906189910e+00,3.894378840128831509e-02
6.211045445677951804e+00,4.036492227302660579e-02
6.220036464449713698e+00,3.793098834190775787e-02
6.229027483221473815e+00,3.184556162846750860e-02
6.238018501993236598e+00,2.267764211012695055e-02
6.247009520764998491e+00,1.130776154827516956e-02
6.256000539536760385e+00,1.408587549838926766e-03
6.264991558308521391e+00,1.361795610490036321e-02
6.273982577080282397e+00,2.467975893522392217e-02
6.282973595852044291e+00,3.334089015426919961e-02
6.291964614623806185e+00,3.875137242100778340e-02
6.300955633395568078e+00,4.039293321278136090e-02
6.309946652167328196e+00,3.812619145506771640e-02
6.318937670939090978e+00,3.220308012865381181e-02
6.327928689710852872e+00,2.325422728631781205e-02
6.336919708482614766e+00,1.232655391364453727e-02
6.345910727254374883e+00,3.751651830405725030e-03
6.354901746026137666e+00,1.308739095472562924e-02
6.363892764797898671e+00,2.347050690804036027e-02
6.372883783569660565e+00,3.149616841558251779e-02
6.381874802341422459e+00,3.619625107543741893e-02
6.390865821113184353e+00,3.703496422957611861e-02
6.399856839884946247e+00,3.388100552240372321e-02
6.408847858656707253e+00,2.700618302877742793e-02
6.417838877428470035e+00,1.705918065159273481e-02
6.426829896200230152e+00,5.067024290559774859e-03
6.435820914971992046e+00,8.192950607354856571e-03
6.444811933743753052e+00,2.083490489621354219e-02
6.453802952515514946e+00,3.189228596939170518e-02
6.462793971287276840e+00,4.019706818895701916e-02
6.471784990059038734e+00,4.487364171654672357e-02
6.480776008830799739e+00,4.540407484884290135e-02
6.489767027602561633e+00,4.167771689384521666e-02
6.498758046374324415e+00,3.400189170948379053e-02
6.507749065146083645e+00,2.307606185403010546e-02
6.516740083917846427e+00,9.946211413337199478e-03
6.525731102689609209e+00,4.380634999156235616e-03
6.534722121461370214e+00,1.798825182139870624e-02
6.543713140233131220e+00,2.989671363275473934e-02
6.552704159004893114e+00,3.880540475837760545e-02
6.561695177776655008e+00,4.377224663539635435e-02
6.570686196548416014e+00,4.424067893328622464e-02
6.579677215320177908e+00,4.009611627965260772e-02
6.588668234091938913e+00,3.168698219250899034e-02
6.597659252863700807e+00,1.983763479885126968e-02
6.606650271635462701e+00,6.411498398792046111e-03
6.615641290407225483e+00,1.120734024046247772e-02
6.624632309178985601e+00,2.575932431786395402e-02
6.633623327950747495e+00,3.863122662042590971e-02
6.642614346722509389e+00,4.820495216806568173e-02
6.651605365494272171e+00,5.338388545091403425e-02
6.660596384266032288e+00,5.351261255345818313e-02
6.669587403037793294e+00,4.842600431352427071e-02
6.678578421809556076e+00,3.846880719922608077e-02
6.687569440581317082e+00,2.447832602595979498e-02
6.696560459353078976e+00,7.810944430404067641e-03
6.705551478124840870e+00,1.062563489831380541e-02
6.714542496896602763e+00,2.807437154640288549e-02
6.723533515668363769e+00,4.333504650879763803e-02
6.732524534440126551e+00,5.474214385449299725e-02
6.741515553211886669e+00,6.101451738694984445e-02
6.750506571983649451e+00,6.133909320997471548e-02
6.759497590755410457e+00,5.545632478541103610e-02
6.768488609527171462e+00,4.369999153867574343e-02
6.777479628298932468e+00,2.699651721299701004e-02
6.786470647070695250e+00,7.012951835456214533e-03
6.795461665842456256e+00,1.555041102002599311e-02
6.804452684614218150e+00,3.701228351776584408e-02
6.813443703385980044e+00,5.594463223472390112e-02
6.822434722157741938e+00,7.022423460342842871e-02
6.831425740929502943e+00,7.812052181178534560e-02
6.840416759701263949e+00,7.842736082927352637e-02
6.849407778473027619e+00,7.059062924246638226e-02
6.858398797244787737e+00,5.478670682686387350e-02
6.867389816016549631e+00,3.195497511512879890e-02
6.876380834788311525e+00,4.190007760103133146e-03
6.885371853560072530e+00,2.783591824327960249e-02
6.894362872331833536e+00,5.952487447946616661e-02
6.903353891103596318e+00,8.854339443270747845e-02
6.912344909875358212e+00,1.117821582740952113e-01
6.921335928647119218e+00,1.263771141503266249e-01
6.930326947418880223e+00,1.299350847392786723e-01
6.939317966190643006e+00,1.207303990761953161e-01
6.948308984962404011e+00,9.785099235351425728e-02
6.957300003734165017e+00,6.129406745847055388e-02
6.966291022505926911e+00,1.202435034120715937e-02
6.975282041277689693e+00,4.812404008278493156e-02
6.984273060049450699e+00,1.163259432086860418e-01
6.993264078821212593e+00,1.891664143969502276e-01
7.002255097592973598e+00,2.627471830454436996e-01
7.011246116364736380e+00,3.330149917697570738e-01
7.020237135136497386e+00,3.960582277281065600e-01
7.029228153908258392e+00,4.483692411992810101e-01
7.038219172680020286e+00,4.870524630108643005e-01
7.047210191451782180e+00,5.099814018303565621e-01
7.056201210223543185e+00,5.159175687418625644e-01
7.065192228995305079e+00,5.045982831557631609e-01
7.074183247767066973e+00,4.767832692420448382e-01
7.083174266538827979e+00,4.342342865526205853e-01
7.092165285310590761e+00,3.796025334708417187e-01
7.101156304082352655e+00,3.162210308876739484e-01
7.110147322854113661e+00,2.478323943520461259e-01
7.119138341625874666e+00,1.783079935338320876e-01
7.128129360397636560e+00,1.114407620281117062e-01
7.137120379169397566e+00,5.117623120712756768e-02
7.146111397941158572e+00,1.578803309317520359e-02
7.155102416712920466e+00,4.922645444620530469e-02
7.164093435484683248e+00,7.913625476045933749e-02
7.173084454256443365e+00,9.752188416490073508e-02
7.182075473028207035e+00,1.043449186211502788e-01
7.191066491799968041e+00,1.006897745858432308e-01
7.200057510571729047e+00,8.833085086041549128e-02
7.209048529343491829e+00,6.949503421955637028e-02
7.218039548115251947e+00,4.664821752717938225e-02
7.227030566887015617e+00,2.235568220168699174e-02
7.236021585658775734e+00,4.231357559921556863e-03
7.245012604430537628e+00,2.299477163313738692e-02
7.254003623202300410e+00,3.947447478138631227e-02
7.262994641974060528e+00,5.064625112467148471e-02
7.271985660745822422e+00,5.596081078498679751e-02
7.280976679517583428e+00,5.550311581575571862e-02
7.289967698289345321e+00,4.989525811965239699e-02
7.298958717061106327e+00,4.020243811093101444e-02
7.307949735832869109e+00,2.787241191821429945e-02
7.316940754604630115e+00,1.505940222266416439e-02
7.325931773376391121e+00,9.077787831133284080e-03
7.334922792148153903e+00,1.738357225858890714e-02
7.343913810919914020e+00,2.690245661291728804e-02
7.352904829691677691e+00,3.372971385291465007e-02
7.361895848463438696e+00,3.699742411779319284e-02
7.370886867235200590e+00,3.653244520596005129e-02
7.379877886006962484e+00,3.259961082489304385e-02
7.388868904778723490e+00,2.580680613526737527e-02
7.397859923550485384e+00,1.704868056395998296e-02
7.406850942322245501e+00,7.752920523753300229e-03
7.415841961094009172e+00,5.816993718291978317e-03
7.424832979865770177e+00,1.390531770648866655e-02
7.433823998637532071e+00,2.136828327841034172e-02
7.442815017409293077e+00,2.670834367574755411e-02
7.451806036181055859e+00,2.945042467291940705e-02
7.460797054952815976e+00,2.948302431556292652e-02
7.469788073724577870e+00,2.699581980512088392e-02
7.478779092496339764e+00,2.244537799597966579e-02
7.487770111268100770e+00,1.654755650177326676e-02
7.496761130039862664e+00,1.045892144092513444e-02
7.505752148811625446e+00,6.968964833458662564e-03
7.514743167583386452e+00,9.356782311275922692e-03
7.523734186355148346e+00,1.367600179928269051e-02
7.532725205126908463e+00,1.705522214482484145e-02
7.541716223898671245e+00,1.869308161706126348e-02
7.550707242670432251e+00,1.839019549366943326e-02
7.559698261442194145e+00,1.627796491427546330e-02
7.568689280213956039e+00,1.279258727073402831e-02
7.577680298985717045e+00,8.872018901278332093e-03
7.586671317757478050e+00,6.870244731687053137e-03
7.595662336529240832e+00,9.214073118888959149e-03
7.604653355301001838e+00,1.345747333919789825e-02
7.613644374072764620e+00,1.741366083565490386e-02
7.622635392844526514e+00,2.023222028641962628e-02
7.631626411616286632e+00,2.153273121090082745e-02
7.640617430388047637e+00,2.119313550510370028e-02
7.649608449159809531e+00,1.929564846247817586e-02
7.658599467931571425e+00,1.609658482148024206e-02
7.667590486703333319e+00,1.201186149598775649e-02
7.676581505475094325e+00,7.691453675632941092e-03
7.685572524246857107e+00,4.650072993977777576e-03
7.694563543018618113e+00,5.639673614651595675e-03
7.703554561790379118e+00,8.608895543791530991e-03
7.712545580562141900e+00,1.116487583745288427e-02
7.721536599333903794e+00,1.269066610113404880e-02
7.730527618105664800e+00,1.306510697691452838e-02
7.739518636877426694e+00,1.242009690257807504e-02
7.748509655649187700e+00,1.111677607282546450e-02
7.757500674420949593e+00,9.772730884600535489e-03
7.766491693192711487e+00,9.192504485990507165e-03
7.775482711964472493e+00,9.845287330768748638e-03
7.784473730736233499e+00,1.134672489854232462e-02
7.793464749507996281e+00,1.293554233649492173e-02
7.802455768279758175e+00,1.402301932353642103e-02
7.811446787051520069e+00,1.427626846825465895e-02
7.820437805823281074e+00,1.357319393978232563e-02
7.829428824595042080e+00,1.196805451032891855e-02
7.838419843366803086e+00,9.682601427502207994e-03
7.847410862138565868e+00,7.165113004932568107e-03
7.856401880910328650e+00,5.353449125099474758e-03
7.865392899682087879e+00,5.603856776297671052e-03
7.874383918453851550e+00,7.536560006627864364e-03
7.883374937225612555e+00,9.752512543494080977e-03
7.892365955997372673e+00,1.155586006105312549e-02
7.901356974769136343e+00,1.268964460567274279e-02
7.910347993540898237e+00,1.311513521594513676e-02
7.919339012312659243e+00,1.294345784859235633e-02
7.928330031084421137e+00,1.239628214321154484e-02
7.937321049856182142e+00,1.175491222235345787e-02
7.946312068627943148e+00,1.127567653671788551e-02
7.955303087399705042e+00,1.107753133756426284e-02
7.964294106171466936e+00,1.107628324088915858e-02
7.973285124943229718e+00,1.104079073863213113e-02
7.982276143714989836e+00,1.072302569112890992e-02
7.991267162486750841e+00,9.964601223731245350e-03
8.000258181258512735e+00,8.756082115770880830e-03
8.009249200030275517e+00,7.284862512894661225e-03
8.018240218802036523e+00,6.020613752634577237e-03
8.027231237573797529e+00,5.710279199059147166e-03
8.036222256345560311e+00,6.679729944089260463e-03
8.045213275117321317e+00,8.351597697085141880e-03
8.054204293889082322e+00,1.005899610444500533e-02
8.063195312660845104e+00,1.140567958650664550e-02
8.072186331432606110e+00,1.219451203870546181e-02
8.081177350204367116e+00,1.237366512388195054e-02
8.090168368976129898e+00,1.201803880230035981e-02
8.099159387747890904e+00,1.131265254812918904e-02
8.108150406519651909e+00,1.051684401429031114e-02
8.117141425291414691e+00,9.889911702357723558e-03
8.126132444063175697e+00,9.576894971464078310e-03
8.135123462834936703e+00,9.524654125359835813e-03
8.144114481606699485e+00,9.525305089551268714e-03
8.153105500378460491e+00,9.354199959475558573e-03
8.162096519150221496e+00,8.895371004381697269e-03
8.171087537921984278e+00,8.228159962894018506e-03
8.180078556693745284e+00,7.687701677920545131e-03
8.189069575465508066e+00,7.791436376083736744e-03
8.198060594237269072e+00,8.829919047322760603e-03
8.207051613009030078e+00,1.055422237213438606e-02
8.216042631780792860e+00,1.246639052173556701e-02
8.225033650552553866e+00,1.412901877067611854e-02
8.234024669324314871e+00,1.523178897991804732e-02
8.243015688096077653e+00,1.558651550356135451e-02
8.252006706867838659e+00,1.512886672117592750e-02
8.260997725639599665e+00,1.393334833997821390e-02
8.269988744411362447e+00,1.223785870026571077e-02
8.278979763183123453e+00,1.047262901659261856e-02
8.287970781954884458e+00,9.238665741938309472e-03
8.296961800726647240e+00,9.025181558765750858e-03
8.305952819498408246e+00,9.706986937834649262e-03
8.314943838270169252e+00,1.064704372020785876e-02
8.323934857041932034e+00,1.124801960989212785e-02
8.332925875813693040e+00,1.117350769155678845e-02
8.341916894585454045e+00,1.036572875382455426e-02
8.350907913357216827e+00,9.105120282422078312e-03
8.359898932128977833e+00,8.169491547778422527e-03
8.368889950900738839e+00,8.676177571311635348e-03
8.377880969672501621e+00,1.086649678493493629e-02
8.386871988444262627e+00,1.386858455466793982e-02
8.395863007216023632e+00,1.678631324252302659e-02
8.404854025987786414e+00,1.900107985608494657e-02
8.413845044759547420e+00,2.010223854560330009e-02
8.422836063531308426e+00,1.985003182494570959e-02
8.431827082303071208e+00,1.818156712964206362e-02
8.440818101074832214e+00,1.524840318382344150e-02
8.449809119846594996e+00,1.153001773308912938e-02
8.458800138618356002e+00,8.260608193747603911e-03
8.467791157390117007e+00,8.026188397475146619e-03
8.476782176161879789e+00,1.123212062552886650e-02
8.485773194933640795e+00,1.527348297560902728e-02
8.494764213705401801e+00,1.862017304029552761e-02
8.503755232477164583e+00,2.055217847183570326e-02
8.512746251248925589e+00,2.070132105871276204e-02
8.521737270020686594e+00,1.898057297226907886e-02
8.530728288792449376e+00,1.566615262042875267e-02
8.539719307564210382e+00,1.175505637525872844e-02
8.548710326335971388e+00,1.002036091406662346e-02
8.557701345107734170e+00,1.330128996263864848e-02
8.566692363879495176e+00,1.933129813119920798e-02
8.575683382651256181e+00,2.546600709032690799e-02
8.584674401423018963e+00,3.032439699074814324e-02
8.593665420194779969e+00,3.303219866177836694e-02
8.602656438966540975e+00,3.300325232741049830e-02
8.611647457738303757e+00,2.992832157987702218e-02
8.620638476510064763e+00,2.382729365406898239e-02
8.629629495281825768e+00,1.523110565359123841e-02
8.638620514053588550e+00,7.096974424988426212e-03
8.647611532825349556e+00,1.282303442020265964e-02
8.656602551597110562e+00,2.520871311600703796e-02
8.665593570368873344e+00,3.745078525471718517e-02
8.674584589140634350e+00,4.772521850810058919e-02
8.683575607912395355e+00,5.466189630739622107e-02
8.692566626684158138e+00,5.709633084986094620e-02
8.701557645455919143e+00,5.412390389167620608e-02
8.710548664227680149e+00,4.521174158465813414e-02
8.719539682999442931e+00,3.046754842709433961e-02
8.728530701771203937e+00,1.327656548249190292e-02
8.737521720542964943e+00,2.372856061954180945e-02
8.746512739314727725e+00,5.367306624296222517e-02
8.755503758086488730e+00,8.795223047857481102e-02
8.764494776858251512e+00,1.239088509951976058e-01
8.773485795630012518e+00,1.595209260817147257e-01
8.782476814401773524e+00,1.928294326171031969e-01
8.791467833173536306e+00,2.219701656220806618e-01
8.800458851945297312e+00,2.452729975891354552e-01
8.809449870717058317e+00,2.613680824156914828e-01
8.818440889488821099e+00,2.692806418388202228e-01
8.827431908260582105e+00,2.685031619851527829e-01
8.836422927032343111e+00,2.590363962023137234e-01
8.845413945804105893e+00,2.413931366613962792e-01
8.854404964575866899e+00,2.165630161405396048e-01
8.863395983347627904e+00,1.859421054486251335e-01
8.872387002119390687e+00,1.512352151851796556e-01
8.881378020891151692e+00,1.143400578810151030e-01
8.890369039662912698e+00,7.722203822816475771e-02
8.899360058434675480e+00,4.178885044533732496e-02
8.908351077206436486e+00,9.797498369619017655e-03
8.917342095978197491e+00,1.747286555864065172e-02
8.926333114749960274e+00,3.873228566288210856e-02
8.935324133521721279e+00,5.346026187076326902e-02
8.944315152293482285e+00,6.147345173368148202e-02
8.953306171065245067e+00,6.304905751752687415e-02
8.962297189837006073e+00,5.887438572406216569e-02
8.971288208608767079e+00,4.997474624438196650e-02
8.980279227380529861e+00,3.762228963322304665e-02
8.989270246152290866e+00,2.324061589314868267e-02
8.998261264924051872e+00,8.409294282517111585e-03
9.007252283695814654e+00,6.677125179827243275e-03
9.016243302467575660e+00,1.878704615353145313e-02
9.025234321239338442e+00,2.827879001323913358e-02
9.034225340011099448e+00,3.433508898005225435e-02
9.043216358782860453e+00,3.666258033662738586e-02
9.052207377554623235e+00,3.532898133970127641e-02
9.061198396326384241e+00,3.072457244754664071e-02
9.070189415098145247e+00,2.351708885778124730e-02
9.079180433869908029e+00,1.463635635379251232e-02
9.088171452641669035e+00,5.829825753432690653e-03
9.097162471413430040e+00,7.288713651746265947e-03
9.106153490185192823e+00,1.546896279637951892e-02
9.115144508956953828e+00,2.247848736200816142e-02
9.124135527728714834e+00,2.728560252819865750e-02
9.133126546500477616e+00,2.949187674314338731e-02
9.142117565272238622e+00,2.901147801257735609e-02
9.151108584043999628e+00,2.602900938723529470e-02
9.160099602815762410e+00,2.097181777275830897e-02
9.169090621587523415e+00,1.450440841871805490e-02
9.178081640359284421e+00,7.761809063514379242e-03
9.187072659131047203e+00,5.115312792722401941e-03
9.196063677902808209e+00,1.004285365319645268e-02
9.205054696674569215e+00,1.547436063564684022e-02
9.214045715446331997e+00,1.946190576760200783e-02
9.223036734218093002e+00,2.148533775399379120e-02
9.232027752989854008e+00,2.138023143789457778e-02
9.241018771761616790e+00,1.922761145480486253e-02
9.250009790533377796e+00,1.532211893660868560e-02
9.259000809305138802e+00,1.017123534013306824e-02
9.267991828076901584e+00,4.791476743813393932e-03
9.276982846848662589e+00,4.419995297416980280e-03
9.285973865620423595e+00,9.486290245047738698e-03
9.294964884392186377e+00,1.429137865239943003e-02
9.303955903163947383e+00,1.782223403934243486e-02
9.312946921935708389e+00,1.969675056577748981e-02
9.321937940707471171e+00,1.976807867589552500e-02
9.330928959479232176e+00,1.809033440121888409e-02
9.339919978250994959e+00,1.491199627887351137e-02
9.348910997022755964e+00,1.070292003946781562e-02
9.357902015794516970e+00,6.425148490803850136e-03
9.366893034566279752e+00,5.064328146006137621e-03
9.375884053338040758e+00,8.287767189749212574e-03
9.384875072109801764e+00,1.224668399459417911e-02
9.393866090881564546e+00,1.536457777593592047e-02
9.402857109653325551e+00,1.712754400478188471e-02
9.411848128425086557e+00,1.733332751728549129e-02
9.420839147196849339e+00,1.598087121821458595e-02
9.429830165968610345e+00,1.324258006339946135e-02
9.438821184740371351e+00,9.460732632207797740e-03
9.447812203512134133e+00,5.271435099075586807e-03
9.456803222283895138e+00,3.187434584153982838e-03
9.465794241055656144e+00,6.299687273512493031e-03
9.474785259827418926e+00,1.010502942883101385e-02
9.483776278599179932e+00,1.310970919136291747e-02
9.492767297370940938e+00,1.490252030755903102e-02
9.501758316142703720e+00,1.532014558375789474e-02
9.510749334914464725e+00,1.437843591735923562e-02
9.519740353686225731e+00,1.227255000607990407e-02
9.528731372457988513e+00,9.425896995237733819e-03
9.537722391229749519e+00,6.726868675331656479e-03
9.546713410001510525e+00,6.000624320425197201e-03
9.555704428773273307e+00,7.985643943139063977e-03
9.564695447545034312e+00,1.081330973867358075e-02
9.573686466316795318e+00,1.320187968821386754e-02
9.582677485088558100e+00,1.460685023626696888e-02
9.591668503860319106e+00,1.479526986479993977e-02
9.600659522632081888e+00,1.372770352668561608e-02
9.609650541403842894e+00,1.152556805030770931e-02
9.618641560175603900e+00,8.470786969181269208e-03
9.627632578947366682e+00,5.121866670533957444e-03
9.636623597719127687e+00,3.300079389432010544e-03
9.645614616490888693e+00,5.355777844661023350e-03
9.654605635262651475e+00,8.374577287085382613e-03
9.663596654034412481e+00,1.082921122590243743e-02
9.672587672806173487e+00,1.227981751958243280e-02
9.681578691577936269e+00,1.255150693821117415e-02
9.690569710349697274e+00,1.163539108910631621e-02
9.699560729121458280e+00,9.681323742430136825e-03
9.708551747893221062e+00,7.046388177667190639e-03
9.717542766664982068e+00,4.609077836162144351e-03
9.726533785436743074e+00,4.546908867169287445e-03
9.735524804208505856e+00,7.036249826592771289e-03
9.744515822980266861e+00,9.901400315056761367e-03
9.753506841752027867e+00,1.220388645606943975e-02
9.762497860523790649e+00,1.355889111120936810e-02
9.771488879295551655e+00,1.379431954850548515e-02
9.780479898067312661e+00,1.289065377433935844e-02
9.789470916839075443e+00,1.096794921194120878e-02
9.798461935610836449e+00,8.293612419689707152e-03
9.807452954382597454e+00,5.380623547184115035e-03
9.816443973154360236e+00,3.593697650625689907e-03
9.825434991926121242e+00,4.823321993352249620e-03
9.834426010697882248e+00,7.240696497456059443e-03
9.843417029469645030e+00,9.273261824387956861e-03
9.852408048241406036e+00,1.042512718800895494e-02
9.861399067013167041e+00,1.051394578537507944e-02
9.870390085784929823e+00,9.531865155766339540e-03
9.879381104556690829e+00,7.634820974643762893e-03
9.888372123328451835e+00,5.227625551170232351e-03
9.897363142100214617e+00,3.526688353564975519e-03
9.906354160871975623e+00,4.712386308938432827e-03
9.915345179643738405e+00,7.461598304946589523e-03
9.924336198415499410e+00,1.011680017234980848e-02
9.933327217187260416e+00,1.208334811369174595e-02
9.942318235959023198e+00,1.307198610707390254e-02
9.951309254730784204e+00,1.295114639720243779e-02
9.960300273502545210e+00,1.172482478216194980e-02
9.969291292274307992e+00,9.528962014744788919e-03
9.978282311046068997e+00,6.648738863982917718e-03
9.987273329817830003e+00,3.710278643186817188e-03
9.996264348589592785e+00,3.022409951706689791e-03
